concurrentCount,timeSinceLastRequest,requestsPerMinute,label
13,21.375091566405587,146.2447863241032,1
5,25.734180856071948,107.21615621199672,1
2,2984.212313833911,5.037495678590883,0
1,4605.635055275109,1.1053594965781366,0
1,3912.073140668411,9.155289292891897,0
0,3931.0640858331076,7.636213696490197,0
1,785.1873671274549,4.955605197696191,0
2,1308.573989916089,4.088506178553924,0
5,7.480072476347627,107.49263594633021,1
0,4809.313780274211,9.189488294689529,0
0,4107.776373814064,6.5535986450602115,0
0,1333.0981797737884,3.355351153623154,0
1,4751.2941003113465,5.848316181574428,0
1,2417.815860061878,7.785657132371055,0
2,2259.8669149329235,8.718061038951554,0
2,3873.433242843161,5.919833981690096,0
8,8.60446146476297,55.25118722102085,1
2,972.1858028817869,6.405859598935203,0
1,1604.0709935659443,8.558220570720554,0
1,799.2332031504988,3.72947632810836,0
1,2365.808556771607,3.1662344064925447,0
2,4298.767020361387,4.28134355377786,0
1,1185.8720599868784,7.849340112257047,0
5,31.826932337667717,96.32516360110112,1
17,0.6514783878541874,143.75437791278085,1
0,4436.157527078897,5.124705773757908,0
0,1538.014152729914,3.58424162276118,0
1,2506.5621786953675,8.725075091192089,0
2,4424.557590248682,1.7631281444122289,0
1,4725.804643308033,2.4919708614694818,0
0,3574.6644364681815,7.474182601322427,0
2,3690.772337529124,9.385783474895348,0
0,2593.4252552767316,8.100392245984064,0
0,3202.6745001227778,5.250536237466836,0
15,44.444371200181486,76.11225129671439,1
1,3560.6334729213518,8.433803914372735,0
0,2659.724756227056,7.323703957769647,0
1,4824.816428612548,6.5164562424507295,0
1,4694.126474795079,3.7355176111665145,0
2,1509.9825732649729,2.81814101562241,0
2,3823.021441630969,9.676259624489624,0
16,45.06915483209675,140.16540434364924,1
2,4099.622384179353,2.4406447145911567,0
0,3463.0332559629146,4.220184387928976,0
1,4616.806554806451,2.1528617172958002,0
1,662.7217123614296,2.8799445160464736,0
16,2.38206287182533,131.2985112334649,1
1,3350.6519892176625,6.780929733147047,0
1,2008.0348441661386,4.171374519486889,0
1,4689.2691297814,2.2527703121112594,0
2,3303.3496260356724,3.6553663688874063,0
2,4176.82431927176,4.11489753884007,0
0,3729.189945461793,7.4255736925593085,0
1,1543.7619325218893,2.106286106188488,0
0,1935.9521295946504,3.30877056199823,0
0,3902.7349800286074,6.694406908737408,0
2,2585.723197102576,8.79019431062097,0
2,3796.5744374461265,3.457637289755312,0
1,2783.604801923763,2.1363826740805245,0
1,4135.306738735664,2.1758710944111663,0
1,2642.2268098959485,1.235770376788583,0
2,4639.3502738574225,5.772719199242425,0
1,4954.821045754754,1.9509821583556952,0
2,3134.0946397853845,9.892323695400327,0
18,10.697851934411846,151.57286186865105,1
0,2319.4344564693147,7.143554991010622,0
0,4643.815315170591,6.390806573594895,0
0,867.3349191376531,4.796453606849482,0
2,2008.387587406554,4.437456756876063,0
10,38.17895344332863,190.24916477581482,1
7,42.7110953170434,87.12651097106179,1
0,4945.034840966993,6.272783096081673,0
0,864.7079715844156,6.037801152745443,0
2,3234.815576954866,2.833898132149202,0
1,4453.3200258560655,9.185091498435177,0
0,956.3937280214743,4.228439728753122,0
2,3818.755616493868,8.18842772489117,0
7,37.95344696291878,54.42560827178089,1
16,49.74906846625465,125.16318203932956,1
1,1128.9756948183026,5.584799153348108,0
2,4944.750753812142,8.916236694563763,0
15,26.361633037695633,155.9289774445038,1
0,3574.6161273034063,4.08203180951242,0
0,2784.2467040800475,4.587967249950818,0
2,3093.2976207506595,4.179262676518578,0
2,4408.804255800249,8.151204508301714,0
0,1526.3589737701961,1.6508482773214475,0
12,42.29247752299838,137.53354509872278,1
2,2287.792807521653,9.598012178535354,0
0,2731.440807854469,1.1134676797818313,0
1,2179.8919232588883,8.360067968712507,0
1,2782.556639097766,1.2101688669536732,0
2,2116.550162298946,5.01777564761424,0
2,980.9461539263473,7.895043395160275,0
2,3464.525150198228,7.8345843617616735,0
14,40.403964117791496,60.81666393941528,1
1,3283.7512019683295,1.9057373067118,0
0,4746.271640754195,3.177044454329551,0
0,1819.1647861745596,6.543869052341611,0
1,1314.396287192704,8.610439266909161,0
0,3544.310235997609,6.636108892789575,0
0,558.9250546475014,4.34950321453762,0
1,1571.8225147102694,3.220109780694607,0
0,4716.310203639782,4.7485398871349105,0
1,2686.4229163384653,8.239934869115544,0
1,4729.244556260638,2.9368168481551375,0
1,3271.3843468203704,7.5053287288763535,0
0,4180.253972787597,3.481908114262213,0
2,1130.5092909490363,4.713596567637614,0
1,580.4327063003622,8.900470703368367,0
0,3428.948160712374,1.034379303927248,0
2,1063.336064911477,8.4635811938508,0
10,24.733759479564167,187.20966724347554,1
2,3776.8494029162152,2.201319751743494,0
18,33.552764192995724,81.50440242744224,1
2,1289.1707538055232,6.384027646573649,0
2,3508.8944896599396,8.40232507270925,0
1,1669.1161147887192,8.701635330152076,0
2,826.010995075515,6.681767977827898,0
2,4842.621097999307,7.255317059726979,0
0,3819.120357150012,8.076503794456297,0
0,642.1376517153892,8.223271116218315,0
14,17.630130296442907,158.85888655461548,1
2,4862.61694973916,2.561720634878578,0
1,4702.437578875572,4.4918808395218255,0
2,1026.0411831876384,5.817791183073325,0
0,3055.7535374868326,9.098500111185452,0
15,7.9512501870130645,181.05843802733375,1
1,894.3923604372735,7.908108656661264,0
1,1186.425693114176,7.637575235131062,0
1,1565.9175153851693,7.363778295400284,0
2,2890.262876004644,5.549096061194049,0
1,3168.2297067876643,6.8886329709246565,0
19,1.5428952154036224,125.01201774073739,1
1,3887.2248780093855,3.1588670148035023,0
2,3615.9626809596634,8.40281314945777,0
9,7.866314000091412,111.14492869694837,1
1,902.3495104051678,1.5868413213444286,0
0,1759.9059214712788,5.3835572693704234,0
0,4418.390526517666,5.27991433738144,0
2,1864.0776017539788,4.318364537783157,0
0,4859.950348785612,8.78107248570403,0
0,2776.499054980097,5.60999728731407,0
12,0.02213907186039421,167.79032172740227,1
2,4671.504355659329,7.322864513813263,0
1,4864.194702853451,7.350272763794422,0
1,1611.964553045659,9.168499023008994,0
2,4704.651566460567,6.95233549963373,0
0,3290.3274016783107,9.636189798889301,0
2,4038.552564869984,1.2445067910300383,0
1,1426.285445165457,7.194468122022133,0
2,4477.036482335416,2.421593405518132,0
2,3363.9361229463652,1.9722317871762223,0
2,3156.038000910892,2.2181867404991698,0
1,4097.371455360407,7.889616090919988,0
1,4402.823904319111,8.454243271934965,0
0,1115.9853353096328,4.961790981599415,0
0,1402.3612701515153,5.657017165795372,0
2,4750.763987633105,1.5188282397912238,0
0,1885.6847371603592,4.4696071426323005,0
2,4216.175377541433,6.860328263935067,0
0,930.7154998407277,6.7642843795825955,0
2,830.735362985057,2.501741815288775,0
2,1272.5567863173658,7.08821143503726,0
0,2064.0718590754195,7.334713824708981,0
0,4431.547013838524,1.5604579529369706,0
2,2728.1593715628846,7.583468413063261,0
2,1792.5754624433678,3.971935583843478,0
1,1059.3375056849513,9.853110327370722,0
18,27.4654885740052,156.94400117882088,1
1,3274.926415343321,2.0343969735361016,0
1,2512.4114322717605,6.916181339531157,0
1,1016.765711326416,4.307809800623783,0
2,4749.199201010452,4.769139871667452,0
2,3621.570016016699,7.540038928632909,0
2,2844.31089772419,8.03641477010442,0
1,1542.5226562254952,4.423780067568061,0
0,2662.2812626602304,9.55477947327583,0
1,2349.6281141301715,3.696091101584865,0
1,2816.678092683606,8.10086643928714,0
1,3845.7871533122348,8.57302797776284,0
15,39.221042900170886,87.06973319920878,1
10,21.76621107276181,92.15571220715424,1
2,3052.904988330066,8.613292957099588,0
2,4939.835553314811,3.603202947753891,0
1,1115.6838391353263,1.6206221472077906,0
2,1950.5923023862533,6.767436832211856,0
2,2535.9778225971204,6.416934306726899,0
0,2408.588020860737,4.147329067712646,0
0,2622.092848475713,8.026854274615959,0
2,3324.6862388213804,1.1090869717950396,0
1,3957.2303623903317,8.257632555095554,0
2,678.2847140676072,6.870018335909252,0
0,2438.993856478127,2.390137725009914,0
15,31.77218228297613,196.565634957736,1
2,922.5532210523827,5.875343311690036,0
1,4833.464017365476,3.7477960902705814,0
2,665.0214212009433,4.686660054057088,0
0,1253.671620165814,2.9716192819167198,0
2,912.1193299698537,6.912596406404256,0
1,581.4958271937822,1.3750561054214585,0
1,4289.149824693895,1.9482843002577082,0
2,4094.5245609814942,9.51128332300254,0
8,48.71861193396288,132.4409402796135,1
19,24.09337396373083,165.61137963583275,1
1,2460.1249166581983,8.147895962944649,0
2,2581.8033053269232,1.639068980799299,0
0,3750.2011933504664,1.8926028962849433,0
0,3345.1892956378865,3.0215405065946674,0
0,3118.8713086147945,4.911363647728406,0
2,3413.6362136957136,1.1720448498678762,0
5,39.067442030720315,78.71415207493138,1
0,2534.8956272754585,1.2786021182740916,0
12,10.22304430273559,117.36271175164201,1
11,21.505143826490002,117.60297124083696,1
2,2179.63306233203,2.8290078197747857,0
2,4920.703776088729,3.742112251882367,0
1,4550.104055291051,5.50561841263376,0
1,549.4812289631622,5.655421507974484,0
17,45.328610533608135,127.46365823279166,1
1,3813.999060311253,7.971881780630636,0
1,4897.283828995928,4.5562396893788675,0
2,961.2937759580566,6.878465114781547,0
2,4486.8998670628425,8.741257240144915,0
2,1168.9822748890083,9.487682539702368,0
0,3043.0993261514404,1.6487590239880603,0
0,601.1118874405283,1.8369157584081894,0
2,2901.211460270953,4.952348349703735,0
1,1438.2973146080112,2.2294081328605535,0
1,3112.6475762511955,9.352752762934447,0
14,40.237656099484745,100.01938903940157,1
0,2579.026116398597,1.5998683650462096,0
0,2296.9216211418866,9.694427546158096,0
1,2082.302092578355,3.694560295345131,0
0,2835.129673772769,6.783086795816724,0
0,2090.3962068622313,8.150639900416738,0
1,2339.3037699414335,8.5663272521008,0
0,4619.697339146188,1.1964105709794055,0
1,1113.9788865052992,6.623054765104622,0
0,3067.7438598747335,4.125493351274568,0
6,22.21826746207572,133.32431361587902,1
1,4158.435824222421,1.562118342571643,0
0,3492.102760192481,1.0392694268527818,0
1,4113.616540246985,1.07976956602122,0
13,1.3759592570207646,153.4668273872182,1
1,1363.402961234343,6.666019272025629,0
1,1661.6004471550739,4.878866984619666,0
5,19.76029631549851,190.29456478179915,1
0,1470.5381857897273,5.400080486132063,0
1,1713.8732518264533,5.37030729693458,0
2,1316.459457904088,7.848916840252844,0
1,1729.667871491942,2.013223513707433,0
0,1510.7217032299188,9.819732964229656,0
1,543.9688133863265,1.4108387095214536,0
1,3072.2571026145492,9.30481471462055,0
1,3247.7901909873467,1.6135507844694421,0
2,4665.058308080494,2.6667601108072114,0
0,1027.8868503307751,7.022802366442706,0
2,1127.1023333277085,6.219854086853181,0
14,6.497068613397062,100.04101835435648,1
0,771.2032563030239,7.232791883833972,0
1,2456.723023716858,5.468150371197698,0
0,4748.267028589759,9.157937080099698,0
0,1288.8632406094684,4.395862485668736,0
1,3661.092367448468,4.256677838846248,0
17,33.97749635669542,114.55621245361898,1
0,4886.569229660524,2.030388742593146,0
2,4331.412309852931,3.6577132981464953,0
1,1963.3552890111268,6.2397887193470245,0
1,4053.6432821411563,1.0140859467232561,0
2,3168.2788314571735,8.185423064665173,0
2,2829.7023952312015,3.491328770121752,0
0,3492.6650354581498,2.985507574400901,0
2,3251.5440594559154,7.12205001287518,0
1,3048.8208813360375,4.01060159867739,0
0,4309.035312805332,8.065148894533511,0
2,1726.8080033009019,1.1288374990035397,0
2,1077.7743025435634,5.972508706671002,0
1,615.3892961289606,6.1617605631001595,0
2,4742.292983608066,7.980506658327947,0
1,1733.968410569015,6.38521735867983,0
0,3924.6255612591262,7.247355161588479,0
2,4627.911089580092,9.609531589751121,0
19,22.948173968864932,84.00910734949449,1
2,2295.512167415586,7.923008330543203,0
1,2978.858167741127,7.011279989232643,0
0,4869.762103244155,1.470320913574214,0
2,4757.519579601348,7.53381918986766,0
1,2414.4639737738753,5.523094688170982,0
2,1042.5509859977547,9.748047966683833,0
0,3115.5719964017553,2.2164966023934047,0
1,4687.678465897623,6.8647578442954895,0
0,4327.617780924089,5.447912025252699,0
0,2633.963974958587,3.3414201186584602,0
0,2282.7771122416493,5.35066692375832,0
2,3799.0086008687645,6.194798980610957,0
1,731.4161606791265,4.866911314650416,0
13,29.690124040480775,190.85856439507808,1
0,3308.670085321103,9.967009038645227,0
2,870.7147052712921,8.464551983729622,0
0,4997.361765967999,6.585944318421257,0
1,860.5168087310382,5.56670744846028,0
2,3671.06343231491,4.063483938290551,0
1,1003.6382872897755,2.264976708205247,0
2,3787.9272960766075,3.8201312582662883,0
0,4142.822336261952,4.759848813475897,0
1,2865.6058203620864,6.431388999368093,0
2,3309.0709816129643,2.2339873515609914,0
1,3626.1341188449205,2.430173509024182,0
1,3464.1849897539423,6.727612331650663,0
16,4.752652276634639,107.84202692984721,1
2,3605.0220086929958,9.676705748410974,0
10,41.15804153544296,50.30277766223509,1
0,2289.174790832574,3.711387346840003,0
16,20.28755843075305,139.22048220166846,1
2,599.5559818804877,4.802935854807501,0
16,49.504318803374105,98.78808588868279,1
0,1736.6271599666125,1.6561165183111317,0
0,997.8428162984326,5.13502091565388,0
0,4401.641732551018,6.72486441768588,0
0,1590.843795867861,2.317365929460242,0
0,1539.8365846463212,7.199967718450816,0
2,1519.953810021446,7.7378071071358,0
2,2960.138357213315,6.830357013914755,0
1,4408.105891540607,7.260563318471262,0
12,41.98298278543952,105.98897216941384,1
2,4389.6121242783665,9.03072248325687,0
0,4430.404571367473,2.085025747633212,0
18,19.361863558904798,66.78209248236857,1
2,3188.358959766387,4.9061742955648775,0
11,42.36358338609297,127.51849086922373,1
17,2.594764975920544,167.76465711435614,1
5,36.15641369412771,126.9089591392664,1
1,3045.79383798106,3.8291510186537354,0
0,3294.119829953647,6.04396567882396,0
2,2338.0394588181443,2.493594057662065,0
0,4211.064346663172,8.371571624754905,0
0,2473.7693863531567,6.513161215103373,0
2,4087.8291460079913,8.082130476297657,0
0,2388.7729261675504,1.111636326495833,0
0,1589.2025713813737,7.692345245589038,0
6,31.802123438998414,165.84515227480142,1
2,2820.182128606626,8.440366237673388,0
0,3795.0119888430254,3.245915798645555,0
2,3385.164347983838,8.567844214833304,0
2,1684.006564598793,4.328319303884589,0
2,733.2059157009211,4.892480904971188,0
0,2733.6481124055636,8.854572254361416,0
5,20.780194795366775,140.8224003821607,1
2,4523.446416556105,7.6887387885844305,0
2,1706.286383702943,8.889856856453804,0
1,3526.7095320130684,7.85711631344383,0
18,1.6308974170783253,132.16770415749792,1
2,4378.035294560828,2.1855589610910573,0
2,853.6032371975933,2.764879414645536,0
1,1535.0397677946637,5.175392380195026,0
1,3722.678034004371,3.6515745671157385,0
2,1645.8829464369373,6.576291594080466,0
0,979.6921391019731,5.123681980641034,0
2,4478.929085067835,9.529192233680236,0
0,2992.110083205693,8.39961898134781,0
1,4008.13013105039,8.181227436543047,0
11,23.16468266363984,82.20017959588051,1
10,31.101978118549688,137.32748451388846,1
0,614.2386004715519,7.595213902896255,0
0,1718.351029145992,2.9216022967960473,0
5,28.004584872169776,179.77900210967167,1
17,43.97482853640632,57.573341661861186,1
2,2835.7690590872166,5.6001622531350685,0
18,39.10856315456231,191.3796961280175,1
0,1612.5398348142967,7.056699601549892,0
0,582.0466220436274,5.59389240103809,0
1,2000.7462726101487,6.5351167123498,0
2,4674.885274378458,7.263092063519222,0
1,2095.7997093834947,2.482357180890663,0
0,2342.0030284176937,3.699272003562862,0
2,1082.817145772619,8.94174731566605,0
1,970.5552815048011,1.3304922625073903,0
2,2976.019439703178,4.667887279291877,0
14,25.33363244913729,188.60403056385994,1
1,3562.246859336209,3.5336907857343696,0
0,1167.5444043293999,5.126707079937016,0
12,14.501459682445294,124.70605895853035,1
1,3689.351139843394,5.119296446433646,0
2,3175.1435083377787,5.527755557018527,0
0,4450.884442002813,4.556178168503529,0
0,4415.444932554185,5.8918439560838145,0
0,2331.0858232529176,1.3551357960180939,0
1,1507.179266701804,2.658023553142235,0
8,47.64483979989137,177.60203909072692,1
0,2016.5142939407883,9.010873316654274,0
2,4783.153034404575,9.603269460597874,0
0,4778.886030126847,7.333173797147162,0
2,1315.1720729060614,7.664285187581672,0
0,2100.5272240922714,6.289924247759784,0
2,3316.5111939665408,2.0329198468229572,0
1,2503.873647511995,3.756821489003914,0
5,44.732139878881725,167.1493840422487,1
12,1.0335684445952231,109.61722353486374,1
0,2056.4737562883056,7.036590807152506,0
1,1551.7043685969486,7.362788387101445,0
2,2548.4906708681056,4.99042012941269,0
0,2534.9807340041325,3.6353983303086825,0
1,4174.697477622097,2.7516026063868857,0
0,771.5843779575371,4.699189677389912,0
2,4768.039881329705,6.337399007681057,0
1,2898.310039481009,3.2214148228171204,0
9,0.709502469788359,97.4824497901805,1
1,1423.1283821690322,9.27033880275599,0
0,4985.934133306763,2.777234408739436,0
19,31.421702370949944,93.72436113855844,1
0,1969.0758870979635,2.2602168779798593,0
0,3574.8291947292732,3.5203359659544047,0
18,33.25730971192027,138.5348988726339,1
2,812.4072923574201,1.001212237040368,0
2,1293.741439278005,7.732658614865789,0
8,38.69531108853326,83.07255402099563,1
2,1297.1740525132366,3.7209992441634436,0
1,522.2299142048432,2.0452506418047305,0
0,829.3816569579964,4.478864561407251,0
1,2629.4445801120073,2.66797161575843,0
1,2742.654977327659,8.305928092811238,0
0,1128.430646403408,9.650219368668337,0
1,1040.940749167738,8.8938152291637,0
10,5.9437195588536,120.4288313065794,1
2,4973.6271254952535,4.242105269203851,0
0,1004.1750597562356,1.7282735474612696,0
0,2291.759121159245,7.971704025740092,0
13,18.849277096314005,103.3782138888817,1
10,34.91555786137864,96.9294741282695,1
2,1660.5627217022293,9.780491807739233,0
1,4088.4170972311763,5.133386774558925,0
0,3616.81678501774,3.33401407585385,0
2,4614.853756662319,7.620968028152708,0
1,3487.120374298123,7.094085757615084,0
2,2259.0769815748163,8.997931722388588,0
1,4774.825327776014,7.948112286789914,0
6,17.752052822597914,60.633736383692806,1
1,2476.107088565983,4.309834157895606,0
2,3214.184492598747,4.689144007266594,0
11,11.244510840795623,154.36962164831672,1
2,2698.8943568209957,7.659137086902373,0
2,4643.788471778175,1.1885046492782152,0
0,3842.179345399915,9.475531404570326,0
2,2715.2503540161565,4.869379696511333,0
0,3388.871751994697,6.431437864390408,0
0,842.5888677063508,9.01232247716022,0
2,3565.0303428424227,2.285652585707547,0
2,3815.9318522488197,3.8934613112309377,0
9,2.2701640734346276,149.74917743566607,1
0,2379.1134910321775,5.175382391310995,0
2,3627.4184875694414,1.938023225275129,0
1,2666.8505818064755,9.186641374929332,0
2,4058.254241775336,6.051005094542724,0
1,4799.856631797206,5.0348714983248,0
11,21.874096330410488,132.0313948814067,1
12,9.009787706407396,145.6931394027108,1
2,4344.7329201631055,7.2324354400230275,0
1,2911.224580128866,7.183173398529185,0
0,3523.5173461942777,8.859906242747268,0
2,1338.9721796491453,6.711241757952734,0
2,3952.347300190071,5.160660049005465,0
1,2224.1233771227385,9.39801998209202,0
15,11.02442173445532,105.8300587737829,1
0,1568.9449621574495,7.562561387945032,0
0,3373.366764488385,5.218911689180553,0
10,24.066668826783243,142.3867873515082,1
2,4099.348651762919,4.199437093972216,0
0,2624.3012529949965,5.14485547546726,0
1,1126.7243269852427,9.782863794190485,0
2,649.4139895611495,5.338369523008743,0
0,1781.9280588286526,2.8963446748048285,0
2,884.7883888451063,8.054126060368574,0
2,1531.6312785468867,7.193212354778879,0
0,1251.6885855542744,4.065437499231625,0
2,2736.335673076236,7.100318802790398,0
2,4126.966473988212,1.6988440120444457,0
1,2210.880284536357,2.804270639755625,0
0,2120.613833621836,1.4711951816872517,0
0,4301.524526525995,9.95893764572179,0
1,2385.1645227704657,6.9083074659835235,0
1,3349.1811901731007,1.5940885972621741,0
1,4089.0159528673466,6.417310879136184,0
2,1745.7250875577322,5.805707252929874,0
0,1303.4509792445012,5.154017269778109,0
2,3110.7756615229955,8.6856577025988,0
1,2462.569381108925,7.498638443824634,0
0,2038.4247471740873,2.913799387339865,0
2,1799.1218154681494,6.146850441044679,0
2,1190.0813140223609,2.3515210073533748,0
8,7.408896411497273,60.25011572684063,1
8,33.717448951173445,64.62714884613462,1
2,2665.1304583466786,5.945765823055153,0
2,3281.7008044315357,3.289524227576623,0
0,3342.0209904163426,5.374004444178427,0
15,27.335026027838417,183.5085538197879,1
0,2266.221003830082,6.32527446075693,0
2,4421.915627685694,5.023499894257829,0
1,525.9139722415471,2.3391637246460406,0
1,666.5343562197168,2.7828786948376614,0
2,3235.572917570501,8.622719687863544,0
0,4012.3648185973784,1.4520341031757638,0
1,2114.737178555761,2.1763933906617954,0
13,22.4406822873303,111.70091997487158,1
14,10.178918877318022,199.43934297873153,1
0,4112.840518691051,2.851185359759996,0
12,20.047088123652333,128.86343293387023,1
0,4663.617428370496,4.699860423406359,0
0,4084.4178093927935,1.844715563410206,0
12,13.57192888171001,103.22912461192217,1
0,677.0459330082934,4.457860416872202,0
0,4704.962120624814,2.2099161646730967,0
2,2396.4104776662407,7.711604044581089,0
0,3246.5020248991327,8.456223695042054,0
0,824.8928404062913,2.0892250043667375,0
0,1223.4195322173869,5.241584506583481,0
1,677.4206511582765,2.2532083400583565,0
13,18.108812739936415,172.5878467050232,1
0,1482.1424953927888,9.864906905267876,0
1,3426.465588561216,4.454549947404815,0
0,981.4128747213128,6.785937190528369,0
19,35.95799484722845,63.814287984935355,1
0,2735.4508648662622,5.0441476783567785,0
2,2209.0360108065343,9.826654092250864,0
11,49.62211446873895,80.66608609243202,1
2,2353.2841136627085,5.138203813923882,0
0,3123.687024363615,1.3178021944621516,0
0,3740.1644144573347,3.2920355984144605,0
0,1724.653117534832,6.492026345298772,0
11,43.867780610263004,144.60507067381775,1
0,1659.5729983004617,7.760602430275763,0
19,49.97719593595472,139.56436552800795,1
0,4009.329450020074,5.38900361759138,0
0,2286.4168268342755,2.9079464922879223,0
10,38.23595707381396,54.24669116040017,1
9,6.849953152683569,133.84709511496612,1
0,3455.3149904358147,3.8698013648902494,0
9,35.424484874639866,178.97357530869138,1
2,861.05185547739,8.812510210967053,0
1,794.1035335952406,3.0278523695611157,0
2,1048.487420016264,8.507301373006083,0
1,4960.2588176163945,8.39892844540203,0
1,770.6405417035335,9.026849303296613,0
2,2169.6744334307123,4.257279917540785,0
0,3687.6333952176565,4.016872426337855,0
1,4862.355450508794,9.249717122570866,0
0,3874.8221167963,8.343522450717554,0
8,27.599515106036055,62.58793037321441,1
1,4414.533629279577,1.739545007287846,0
0,2662.639597969916,2.68670749687824,0
15,16.31692154659936,155.56884664857614,1
1,3104.03933857577,9.21958252818613,0
2,2546.329350352366,6.426485888315154,0
17,44.802039982860954,52.37197943494431,1
0,1791.6715992871075,3.925936138885291,0
0,2397.7441709305494,1.597994599201974,0
2,711.3468504877477,4.791232479646649,0
1,2929.807086262518,3.6824698777549885,0
0,2860.301253066146,8.253328601058591,0
1,4233.838116682407,7.369128412668242,0
2,1701.627215762396,5.240511090395332,0
0,3500.8891589574696,3.5956489403687115,0
1,528.7364227257511,7.085598058678906,0
12,12.640680304460028,186.67524277701187,1
2,1633.0957650812875,5.153297181622607,0
0,4453.834938598211,8.394732079394245,0
0,3629.60243010438,8.771927702630906,0
2,3460.303870713662,6.124396250640545,0
0,3202.32587195144,1.797403867116555,0
6,39.03659266004505,187.28857773767345,1
1,2507.025978310801,3.539683672238801,0
0,1236.4517428956701,6.536974944079098,0
0,1428.8957229227144,8.09753468205166,0
0,3638.621577511776,7.408126182977027,0
0,1623.5060398663368,1.588295418079467,0
16,10.95587397349692,192.870067503177,1
2,2519.1213018013877,4.377969171276417,0
10,8.894406202451172,80.8102112717044,1
0,2964.165692691813,5.441919223061068,0
1,885.4621231839374,3.5584668363476504,0
0,4370.550787351421,4.460601948803313,0
16,0.5045303344512364,84.37579268212431,1
1,4423.295874853544,5.053158810148714,0
0,1248.2751594023573,6.725596282374094,0
2,3634.9287074460153,1.6413105498873275,0
1,4102.640145990873,1.0495521924437874,0
2,3185.7928201260015,8.577402101126278,0
0,1709.0481172322573,6.2938204025355144,0
0,3638.3912026107796,9.670549907921954,0
2,2759.8775464905916,8.982324101883425,0
16,25.8798150657761,88.00357550894921,1
2,2659.44029136759,6.858761204358587,0
6,17.23020422237798,112.90844175004574,1
9,40.90133745693465,61.57177528093728,1
0,2290.3501957058375,4.626821608886453,0
14,7.690351232080389,198.5542672997558,1
2,3018.4190756911134,5.252440195058622,0
2,3602.870379642025,4.996393742819826,0
2,895.39924615175,9.743794218109455,0
1,636.7417686357659,6.224208408943264,0
2,901.0599445220748,1.433674111539666,0
8,46.55049854426499,161.42374623594745,1
1,1654.532526656137,6.522437028137126,0
1,3085.1290093096036,7.229452075247187,0
5,44.88373363389783,176.49171364046038,1
15,10.028012553649146,115.7577470046142,1
0,2807.098299574289,5.709966680752672,0
13,45.18787858875711,150.808405812838,1
1,3561.027090940811,4.321477195848249,0
0,1400.6760991016454,1.0689762938430278,0
1,2762.241755416156,1.099281379857825,0
0,2445.5066046917086,1.8688102317589674,0
0,3230.2177087228515,3.668820231588897,0
0,3969.1049168561985,8.223789788161394,0
0,4229.975146471743,4.112897146640717,0
0,2993.8010113210703,4.008144868264547,0
2,795.6888774275856,7.5564160944545185,0
2,1710.4703199579394,7.964916901571407,0
0,4928.375611396828,5.612523838932985,0
2,1435.4881481571229,5.98803862718815,0
0,631.6127736555161,7.739437032669758,0
1,1422.4293293711944,7.597641664267073,0
0,1312.5890530730007,4.126089936329584,0
2,3041.7850996817738,8.577986976010553,0
5,27.123550173132806,182.74464622708817,1
1,1341.696868508855,7.883288208126959,0
1,3506.9575934975733,5.430929320010637,0
1,558.5086557983121,4.198461118171655,0
0,4776.068092193611,1.5134924903612887,0
0,3110.38793527015,2.3689385490004558,0
1,3215.5186702162005,5.60147915980676,0
2,3566.762250007682,6.85180983158338,0
0,2075.5636662502857,4.563734253962094,0
1,1695.2001916491772,1.7511767649044496,0
0,3397.9979445755707,5.552674236566461,0
11,12.691053907834743,167.72927344383203,1
2,1594.2748594975433,9.926289562144271,0
14,44.1367190336711,150.60132880734884,1
0,2396.1065102468156,1.4676091979884158,0
2,1104.8660462253843,5.555276765562197,0
0,4880.700361298286,5.143224440817336,0
2,3353.025663948251,3.044616013211634,0
0,3431.391747583389,8.064072794003208,0
0,4781.315039929957,4.139384805725314,0
2,1833.3865420519553,7.810763551197716,0
1,935.0440234102383,5.444326364112358,0
0,610.6411240646069,1.9964853399368412,0
1,1182.5369587973803,5.089396011039648,0
1,4533.511183345039,2.692222611538745,0
0,2699.809611156141,9.856118468894179,0
0,4407.220762309664,5.086014590765034,0
2,3750.1365577687984,4.938428116498527,0
1,2406.8221414194327,3.6576144464314897,0
1,1023.6487904846424,7.647377123190976,0
16,29.521554491134665,171.0783978186782,1
1,2266.002983401859,5.048061839391902,0
0,3160.7394608521818,3.659002997296782,0
8,21.569032438703733,118.70333175023882,1
0,4448.573881836712,6.5376822256282185,0
0,4406.640144698775,4.963972152811817,0
10,22.911732519641692,108.60231664789089,1
1,2208.6158367527014,2.339992452992002,0
0,4651.247215297831,1.108976277113987,0
0,1294.3761440247872,8.135689771304554,0
1,4614.344629522246,8.425444691620559,0
1,4463.918416395178,4.131472704239499,0
1,4590.646342995385,6.027781568053828,0
1,3448.5889128755975,9.85699287132848,0
2,2539.7997563661243,6.905456539129643,0
7,15.499996858589466,78.03716609126924,1
0,1467.2317036584054,5.662708896149339,0
2,1268.9941432552962,6.768748696107988,0
0,2496.87598687057,8.50284965743827,0
1,2014.7192518726426,3.806345197767336,0
0,4177.839964831222,7.3203288942849785,0
1,4020.734678262231,5.887221255618969,0
1,609.8035170044211,7.370515875067918,0
17,14.78473370208021,81.96275130272123,1
1,634.8811544270508,4.505337054121783,0
1,2702.412336394132,5.388140743060458,0
0,3680.4974759845063,6.732120857092689,0
0,805.2667659732736,7.8945829888177235,0
1,2900.574913893447,5.390686395337262,0
2,1073.6989804939208,9.02876220046211,0
1,4144.435006345857,2.9443436425863965,0
0,2950.2009408238227,9.49637884442858,0
0,2027.5258664426274,2.0245455412894127,0
1,3423.409920465658,9.680289885107305,0
1,4722.53205569467,2.2802443181847654,0
2,1568.9485889344735,3.5720519997328317,0
0,3921.0253695035894,2.368223678157833,0
2,4966.175759712689,9.556954369582042,0
2,4165.586241041219,6.6150625266247465,0
0,1334.864820664045,3.155591529185843,0
2,2737.286438037923,3.4322292291770493,0
1,2483.432361222027,5.905242270072445,0
1,2942.259995064183,9.115857929218812,0
0,3183.214453169239,6.087972291144489,0
13,38.654452084873306,74.42225745152956,1
1,2038.178082640442,4.31146676171876,0
0,1922.7024723953773,2.4402244281687464,0
0,2436.3765270475824,6.1459511684349,0
15,32.03177964012933,57.50278652316683,1
0,4073.113351716332,8.213834006946907,0
1,2820.55742463424,8.921410641293367,0
2,2158.368546756925,6.338994130966459,0
2,4230.119633678049,6.88757141326667,0
1,1315.5487977454707,2.09246445480186,0
0,695.3563978466863,4.663958402130649,0
0,3994.6858375628376,1.31203240053835,0
1,3633.299491451629,4.145557348781369,0
17,38.15541818006542,87.4286550257373,1
2,4195.657871024057,4.550286507130318,0
1,705.8391521563078,1.9989052229213295,0
2,4180.8516085357805,9.81194444213639,0
2,1838.0705331764784,6.041513651156578,0
1,3464.9846160469574,4.616009205888918,0
2,3094.324139814141,1.6935245122089806,0
2,4178.523688210362,3.84064609387015,0
2,2004.0975086763237,2.674912760616496,0
2,2880.217103122454,5.362266584170423,0
0,1074.7106763585566,9.611198339358575,0
0,3307.3669610445786,8.23134468967196,0
1,1141.2299430568096,6.706936282386982,0
0,3628.150493214172,1.6459822560386173,0
1,3102.741126528841,7.978115353628221,0
0,733.8707764316258,5.614009533607748,0
1,3506.383114567908,5.995764543720576,0
13,13.442337122642167,198.14893885118778,1
1,4517.022699846387,2.8223250414871366,0
0,968.4886189305823,7.850093833388422,0
0,801.8441482479236,3.573161103152441,0
1,1544.957128160678,4.745385983617854,0
14,36.337461208409835,190.94772669402624,1
2,2937.3539659739013,5.328756008975113,0
0,4048.6874505103883,5.931635400763237,0
1,3437.357485333436,1.0839845784438396,0
0,1444.575168930136,8.752329967270924,0
1,2318.6314474296487,7.499289119103153,0
11,41.33733840131235,190.44007091198287,1
0,4237.787335044781,1.5200250489672997,0
0,803.0777066094727,3.342581718094027,0
1,2834.7712570673243,9.710740313605275,0
2,4171.24906245778,2.266403752438826,0
1,3679.1407691910554,4.049745844048765,0
2,4960.651971659848,8.235626567972684,0
8,27.2252884524614,67.5599062136253,1
1,1960.6362345512164,5.164080445588541,0
1,4541.137470274942,5.291591214860354,0
2,2896.6524464821364,9.69239945037898,0
1,4394.782066522911,7.254559800122156,0
1,3736.4080022251874,1.5357223031299452,0
0,520.8441035207129,2.092477763434658,0
2,788.9402168381034,3.8525192901200738,0
1,4987.0602507097,9.196931454795237,0
0,1192.5315785293478,9.851693254436999,0
1,756.8908524019168,1.2478304788251893,0
0,4682.191951074136,2.192722054676636,0
2,3064.5035819209243,3.9220833420105397,0
0,1902.7493050799671,8.599213744656543,0
0,1358.0947429864996,3.270169181560254,0
2,4460.355894026562,8.554046431204021,0
1,2535.4322803323507,9.935351550991633,0
0,1655.4945547422858,3.508838851730977,0
1,1998.5086087618906,3.846431347563761,0
16,2.302836709497819,151.6311418255301,1
6,19.591198164175,99.05669662277268,1
1,1837.0477203042876,4.260118974870595,0
2,1595.6703345933468,7.189498381875046,0
2,2069.907199443479,1.523474159549282,0
0,4217.304336136378,5.503610311391811,0
1,1548.317636391352,1.6090152571000143,0
1,2055.6319707676375,6.7348132912745236,0
1,4271.518803416496,2.7516145303438475,0
2,2424.9791018113806,8.835205825414063,0
1,1282.5286214876928,3.85085509360774,0
2,2016.031062969981,9.5955446033649,0
2,4860.961835633651,5.797259805215259,0
16,14.762090124482107,106.03322015715229,1
9,26.12698583660266,157.16161454398974,1
0,4843.034133962205,9.100748647148327,0
19,19.03448405804329,124.02514882316123,1
2,3558.4127721188142,5.061154097628893,0
1,4019.1263945167366,4.894562224177342,0
0,1316.4725646303214,7.7808513003127215,0
5,7.190717515740685,134.54899565431433,1
0,4257.186065596847,6.053361291635714,0
1,4447.402433658987,8.9794379371642,0
0,4833.170938569109,1.7974424257271115,0
1,3249.4144498294627,5.703189394030707,0
2,3346.7985191027665,1.298704191061836,0
7,19.592914820453945,130.14358278405138,1
16,37.588608651954665,139.30394918879063,1
2,3675.088276320598,5.791786140476954,0
2,2868.8119742125095,3.4725837296756756,0
9,10.669667398784476,80.16480911640011,1
1,2227.5104961794514,1.1727304914075103,0
10,13.450982339915523,127.04165698164869,1
2,2838.9827685020796,2.283347296737179,0
2,1092.0545830726692,1.393651650780526,0
15,42.523580738041886,167.59810380340332,1
0,2058.5569746468254,1.3775610108847265,0
1,3989.8742751275477,7.9880270184975215,0
1,3821.151273918667,8.070864562722088,0
1,3980.629065589703,4.340551810938648,0
2,3005.433018562684,8.758130340453603,0
2,3512.6912983918555,1.9170314925941216,0
1,3165.8350309678294,8.723593478414475,0
1,3485.918174075198,4.888691946497763,0
0,1317.1897256064155,6.934185299852045,0
19,23.000119779039945,144.12298576764192,1
1,640.1033729803012,8.670374869520632,0
0,3280.3125809054623,9.697756472797666,0
2,1528.0463359908442,6.43415907654449,0
0,3432.5007141914825,7.0102421490376585,0
2,3597.8107839248123,7.551453762763886,0
0,2859.75621197411,2.596858925227362,0
0,3731.553843019225,8.951182866874547,0
0,1874.859397961106,8.653132010079059,0
10,4.9117496094540245,175.04647012159376,1
2,4101.604285200627,3.4855260203880953,0
2,4423.026049664908,6.471146926816334,0
10,24.911800024963647,122.33965418782883,1
0,3788.903638416399,3.1526209379433308,0
1,3207.2531906584904,1.9989828891218335,0
1,1397.9410291811532,5.106128580599878,0
8,40.413771977796884,197.30743055239438,1
1,4548.085579735558,5.332097364717913,0
19,16.848236285872826,82.3016572073829,1
1,2690.0102364111626,7.515757499194844,0
13,25.78297029282267,160.91123447469676,1
0,4990.703497400019,8.649778343325957,0
17,32.95568822347633,131.1101850699656,1
2,2675.9554102396614,5.388650287004898,0
1,2196.249932412084,4.727167772760343,0
0,1731.3199982674964,3.62996407415708,0
14,45.11182017311191,161.02420531421947,1
2,1009.5712062833986,1.8855608474205758,0
2,4694.532271176256,7.4469104925641405,0
0,1235.8574266326025,8.401801363014506,0
2,1498.8747286982725,6.085197935731145,0
0,3595.48575035366,8.840840340367468,0
14,47.651001058944956,194.2270008474627,1
12,28.043723168130878,68.65742468619865,1
14,36.586236828210644,172.7554349722006,1
0,1454.20177958702,9.596036865625313,0
0,4523.858935988532,2.2044552669972384,0
0,3721.2123410693985,2.1070296561137107,0
2,4300.472293407816,9.83167381447522,0
0,4977.085201908959,8.13935215394429,0
2,4588.027526001328,9.056059666358827,0
0,1490.824408774151,5.746596599104087,0
1,3260.3512514481845,1.9492632996096753,0
0,2130.772546024849,4.044407553950485,0
0,1812.4816041918646,5.611273997912116,0
2,2360.970956864082,7.64082566705377,0
1,3343.1608715750076,2.5739329345836346,0
0,1680.188199349213,9.466113206038065,0
2,2935.699604042496,5.613892778305477,0
18,41.99080810727655,71.59128703583463,1
1,929.9089122560068,3.5290404901784225,0
1,3755.390511598632,2.460100652042314,0
18,24.125021011768034,111.3165891843698,1
2,804.2565361649671,1.4216671767484281,0
2,2413.4607701115506,8.147775981493758,0
2,2212.80482064461,6.803493436200824,0
2,1319.530620599147,8.390784542952039,0
2,4659.782879194387,9.431402158297827,0
1,3231.9231623995133,4.22032675702194,0
1,1900.8846462020165,7.091391689716561,0
2,2029.4373369562977,2.0268620639914,0
0,4379.574277694528,9.704139537332534,0
1,1668.892026921468,4.847407191285536,0
2,3924.607959243495,8.701264844537855,0
1,857.3871604504398,5.470258805361519,0
0,1618.2011291650958,1.8827432270582012,0
2,3051.573174440005,3.0497476249288864,0
1,3486.5202441319166,1.217725875022197,0
0,1486.4629431111994,3.784354460765039,0
0,4550.083888316472,2.3270727403565554,0
0,1194.6322187339103,9.668036004302564,0
0,1256.0639348518853,9.154999019192473,0
2,1179.760513014051,5.866286289804193,0
0,3530.445949962128,2.387305388606384,0
2,4541.244302483212,8.618629048212503,0
0,4428.2562614438375,9.15629122468933,0
2,1725.3829693371604,8.244900997126928,0
0,1660.4945844494102,1.5836823503467152,0
2,619.3949174321888,1.0470665218862147,0
1,4579.124499340462,7.842608408099215,0
0,1174.6284230694819,3.8386620617321148,0
19,0.8030932490503073,167.97835735862705,1
2,1408.3405345532676,5.872668466128267,0
0,4714.7256153273265,9.67615666405932,0
1,2929.9342087213495,8.53337012718646,0
0,4871.277923187378,6.8706248373274565,0
1,3761.4504718794265,2.361221458614411,0
2,4078.7029033695057,9.970271684676792,0
1,947.4862674170532,7.5381554360170435,0
0,3165.57647867013,2.279234114141119,0
0,1447.9798505254996,4.798308341148751,0
2,2149.07690692129,9.828886403464166,0
1,3138.0342440755876,7.6369039184933705,0
1,4385.001423073214,4.668257877164352,0
2,1854.3360512606732,8.096026089279688,0
2,1896.628815156082,9.032709609593615,0
0,2056.707466461333,7.108029610053083,0
1,2744.996690531102,1.638389945203961,0
1,2229.4699122185675,3.1491659024338534,0
0,4201.764433311553,4.625859543693734,0
0,1856.2004337386393,7.6025294250526185,0
9,25.636012390631407,51.722098962406676,1
1,1090.6019495707442,1.572768183579781,0
0,4944.42303681226,6.342947120876846,0
0,4864.604207482717,5.983403368222101,0
2,2379.950519753002,5.133158898372622,0
1,2531.24160948354,8.244160991572947,0
2,1133.8565917090993,6.241803923865218,0
1,1202.6866881478568,5.880134849426635,0
1,968.4934222287485,5.68152903079676,0
10,41.469581347925626,172.46161774475462,1
1,4944.506035984911,1.5638788310981906,0
2,3941.9746769395774,9.037811846758734,0
0,4279.375862900241,1.6917586774854716,0
0,3306.135596012419,6.797342993283243,0
9,45.969370228633636,181.9011530264792,1
1,3323.7745844826654,5.908886824662149,0
6,15.599201016320924,51.723870994717295,1
2,3632.092781242065,3.4921403864002802,0
0,2712.175460336466,4.873846692888912,0
1,3430.5483966867146,8.922832859340343,0
1,1475.3291004084904,3.0342609803439977,0
2,2863.2352265017707,7.920305038968769,0
1,3759.524677079335,2.2858836520547055,0
0,4410.072430154232,6.019379436250396,0
10,6.256262857087346,71.65814482005008,1
0,595.7123488267421,1.7355281117210044,0
2,2426.8982671652666,3.177385122839766,0
2,2061.2894085330245,9.716398998349455,0
16,12.290371965307651,160.02301197381558,1
2,3682.5738544102937,9.60851258469532,0
14,7.1085223351947775,139.82681001191585,1
2,2287.325883283047,2.8363207116600897,0
0,680.4913613561712,1.0911806562496904,0
12,41.23939281388934,142.58735312730886,1
6,18.2177119214116,143.78071542956633,1
9,47.816004669376376,188.82833117778213,1
2,3930.283106494771,8.114588148473965,0
0,2853.794411461037,4.834750455013343,0
19,4.5360851117465515,65.46820436121136,1
1,2927.7108156890176,8.65554452057024,0
0,4125.51568827524,2.961032988294911,0
1,4185.960429533899,7.5655740578715704,0
13,2.8851464207949427,196.84362605616562,1
0,979.6686363859583,6.610653623434961,0
1,4964.711066704907,6.469769100274503,0
1,1934.3862631943146,5.710518202369298,0
1,997.133509091276,3.327587513992349,0
1,3179.232577940197,6.812297313896854,0
0,4717.52819256403,9.444743366036343,0
1,1254.2864732974294,1.6454069996288592,0
1,552.2924295864528,6.463806208468786,0
15,11.43472047001824,75.81659042341666,1
1,621.9319662656757,3.677936061869385,0
0,1574.4971559573605,2.8122740392237695,0
1,4715.733826961411,8.485273393081961,0
2,1217.9510605093474,7.426293800201708,0
15,47.742349651923405,191.19086723627774,1
1,2635.8389408741623,6.452013245074213,0
0,4939.981669702159,5.556394535456825,0
1,2308.6891112415897,4.705889874260577,0
1,1404.201598965754,1.8036057207301563,0
1,1667.4054504408161,3.942384547042712,0
12,30.153215308525827,181.69767454772523,1
19,20.138219923112594,67.4286434788169,1
8,42.7603492509185,114.5810314260785,1
0,2077.8211904413133,3.9821230639274567,0
2,3119.76707079323,9.16475527635247,0
1,1085.388080587844,4.423604940733687,0
0,4288.229495412224,1.5606261831705641,0
2,1029.879873005635,5.484301140371082,0
1,1733.248493092427,1.5269583631958128,0
1,911.6907682898969,4.962910765315141,0
1,3763.6594718681145,8.863287341197106,0
1,534.0329374016395,9.33744346057078,0
14,9.555935474800132,80.6036998607868,1
16,48.008389236437274,111.74831906850537,1
2,2065.141435559869,5.867143794869899,0
0,3376.0397201697515,3.8257004563961754,0
10,20.333703499929157,67.77385381526008,1
0,1079.9144036305033,6.588357107305881,0
1,3504.170235036131,8.829722436829165,0
0,2926.225745038645,9.980387701137804,0
0,646.3678077106337,8.482361629471388,0
0,2272.389825443713,9.944635500097284,0
9,19.316158653823294,127.95563943417264,1
1,4637.263879464878,2.941666112588087,0
0,3277.152439718135,6.8124014765783585,0
2,1551.2348797245947,5.674472735535436,0
1,689.4193533636285,2.843931467356413,0
2,2916.384903020361,9.045907390070834,0
7,12.765453825196582,141.8387226142767,1
0,4382.586848944528,5.287932877094125,0
0,4350.634106478286,4.613448842751595,0
8,20.723485776967166,92.4957143637396,1
1,582.7580444636003,3.428386481153929,0
0,3847.7583165770466,5.394170233196004,0
2,3585.0437925303713,8.910810102540406,0
2,3969.148300898234,6.245261515751407,0
7,28.166232101652334,133.00685241900612,1
0,4682.881149115216,9.953796854527905,0
0,4418.374555726301,3.4784305682987666,0
0,588.6974198946386,6.726622185813232,0
8,6.267823789619281,113.71572956375793,1
0,4379.19192945191,7.577388684826568,0
17,20.79719522909275,186.72819399879748,1
2,4915.337801123405,1.6267703334616517,0
12,36.60613034214779,125.22731922196007,1
2,4266.559977636524,2.5638543382216943,0
5,40.17590542174672,124.91476548002531,1
1,2656.3184493337894,7.8807501518924585,0
13,28.69206270522567,61.1063326868522,1
2,1918.8065202377466,3.258699952062682,0
2,3690.708177750947,6.926864641030494,0
6,6.101524716092433,130.2538256898399,1
2,2693.4403921228113,1.0289643724385082,0
0,1562.2270850590878,4.370975983181092,0
1,1608.8091495759807,4.931656323536616,0
0,4407.226274337712,1.7216201267371312,0
1,652.7569036360948,6.9741071755803015,0
2,606.3736372085137,9.81083003657328,0
2,1458.9711681128747,9.126054956727884,0
1,2532.954554317531,9.363052482686685,0
0,4445.445365427873,5.284163164318898,0
1,2286.1547429071825,6.497020639681915,0
2,1381.0009355759576,6.639332599838892,0
0,3396.0996283843624,2.1834020790818345,0
0,3317.991447341369,5.693011201392305,0
2,3030.335671450594,4.904356776188766,0
2,1239.1960906894683,3.756282587079505,0
2,3180.374332735299,1.5521466439960134,0
10,3.0665477821641307,179.1979438722636,1
2,2346.785721453477,8.110273926763552,0
1,2124.3825362301204,7.762375774261411,0
1,3713.3911945959253,1.7838349011619434,0
0,4235.989390551462,8.200638718292435,0
1,1956.2459861729355,1.3782220765426476,0
2,3615.244540330336,5.04765858205486,0
0,4927.899415819227,3.675140269377555,0
0,4129.525165376524,3.447547535157679,0
1,2294.702514036052,1.9833778927865926,0
0,2007.0752659568875,3.1708131183958734,0
0,4553.158388050663,9.122079765572575,0
10,37.69148502846093,168.0154255035691,1
1,2303.8313754363794,6.525402262840556,0
0,3813.8090677953824,3.800957455570542,0
0,2251.8302631888946,4.4544965673973955,0
0,664.473505316427,7.795377358716505,0
2,687.0778657267645,7.805922525551591,0
1,1088.9314732325743,6.4096675012020965,0
2,3686.774398903767,6.984864131283957,0
2,3966.8333801350695,9.262688969792356,0
0,3018.3814908869804,9.43649259847407,0
17,1.640481206430422,51.00231938358316,1
1,2078.203169532696,7.021201035961975,0
1,2283.0890850619644,8.714613312988778,0
2,2741.880724039125,1.4602184329789065,0
2,1407.3229402148504,8.325732425554168,0
1,4076.6429693746823,9.665293213666233,0
1,1959.5018890191902,7.668136505368643,0
2,4931.785395330506,6.942724477312043,0
1,3139.7380842896337,4.645924250748098,0
1,760.2920445352836,9.23581061566339,0
1,4079.5248235537815,2.5025777987247886,0
2,2999.1359792193407,3.318464983003497,0
0,1495.44248818821,1.3025224016495436,0
0,2542.052936226377,7.195645166429232,0
13,18.08551274297903,114.12434755351387,1
0,3010.025378165112,8.584407119444993,0
13,2.5950471793654506,155.1301453792148,1
18,47.46043134352561,80.93261076262098,1
0,4321.380432043937,7.990395012596631,0
0,4009.304278180146,3.5134847960896938,0
1,2935.833508854817,3.6413994088730948,0
2,637.9362599261273,4.770530111687279,0
0,1798.837489581151,1.232307162545383,0
0,716.9541748725021,2.8118089704018994,0
13,15.504226917137753,148.09911385097018,1
1,1236.3071953625113,1.1620590004040905,0
2,4525.485021023411,6.576304037138566,0
1,1301.1618509138814,4.95464490725007,0
1,3912.1843816806017,9.791202956595933,0
0,2303.4337739389666,9.862027655720574,0
0,1522.7133226841815,7.856183722399275,0
2,2248.5114557165557,6.298583699181878,0
14,19.63968879046717,144.19900739061472,1
0,3177.8506881511466,3.3336708297919637,0
2,3864.24221079313,7.923744042772058,0
1,3962.718199363716,6.456276439758797,0
1,1882.8048421682895,9.617032171342865,0
2,4526.674952272375,8.868002722166583,0
0,3735.7065733291047,2.6602862782027543,0
2,1733.7229995191265,3.4426844240204293,0
1,2035.6152243177037,9.604424292507398,0
0,1825.0959179386296,8.97576202418567,0
0,1534.7957265098878,1.4332855238051811,0
1,3721.875029813289,6.313129214128956,0
2,3156.3272413166346,3.750437939411934,0
0,650.8959563110072,2.3504379822458583,0
1,1955.1720295198434,1.4889883134061344,0
19,26.60108394921259,62.64519719170256,1
2,1060.9820654147009,3.385417854925036,0
2,3478.2763543222036,3.4335395774607296,0
2,4499.366359410397,8.232431818973817,0
10,43.19807903675051,169.63210408057992,1
2,884.0735063538973,2.0935123867082623,0
2,2938.5542632026118,3.2228091916479986,0
2,1198.5811066882063,1.388563622173105,0
1,1956.5565638190965,2.573547645343713,0
0,2526.669213161833,4.488839249100824,0
8,48.620999952005164,168.10600175076584,1
1,846.2894073314412,6.476745454268199,0
1,4456.032384029741,9.182981852754041,0
2,4762.775028253169,5.6656721975068365,0
2,746.427374699141,6.621972119688374,0
15,30.481550582845095,103.39565487325916,1
2,3936.2260737189235,4.523731283600464,0
2,3465.157738595681,5.57524492224652,0
19,11.6019914450553,52.96934875208816,1
1,2414.720005016339,7.017153820506227,0
2,2097.483376243718,3.85828115735005,0
0,3125.263076447542,6.730027139504866,0
14,8.804773566529732,171.31849768453077,1
1,4419.361056857386,4.573135371134725,0
1,3898.7168922356354,4.240454193108805,0
1,3276.17113269084,7.1769447701748765,0
2,2930.053615720298,1.5642065945967927,0
0,1251.6527574143386,6.911020942518647,0
0,4178.496027822985,9.622661321074421,0
0,4166.713011859305,4.107008285215229,0
1,1263.9105728939335,4.874764046159868,0
1,872.5940056630691,2.065025718310486,0
1,4405.6323253401,8.995633050778132,0
6,31.60797495932287,169.95781459472917,1
17,41.770391542106296,140.82571499238148,1
2,1097.2208931937716,3.5261489396437686,0
2,3792.1528478989935,4.551184680378817,0
0,1213.7229738188316,2.277747907848945,0
0,4800.43174203389,5.5468609621897444,0
2,3200.0924665368666,3.1369012153732565,0
9,13.777396960974169,78.47229544582339,1
1,4244.6038008098385,6.707279244661631,0
2,3772.260813948386,4.192941626523858,0
1,4891.393651186091,8.414113457991652,0
1,2177.098326555413,8.937349824741796,0
0,1619.2142266443345,1.229029839151758,0
1,3503.974546811617,3.0914589075044305,0
2,3287.706557043265,6.195511263098181,0
1,2603.306800624414,5.480312572308612,0
2,3551.072686515786,7.392185187609804,0
1,2945.9878750129487,3.3383188787053077,0
2,4330.431113219459,1.7146592617872658,0
2,4522.516623729309,1.9876257880975317,0
0,4929.809813165984,6.045940849745539,0
1,4712.955108096604,6.148437790323707,0
0,1492.1879408157893,6.198340292930418,0
0,4983.502622255339,7.179309221433461,0
14,24.077467013792713,117.51747897122165,1
0,3445.3004642651085,8.85478455609515,0
0,3622.7680001019503,1.345837140660925,0
13,5.444665699051954,114.4393915364097,1
18,48.35263407130174,197.28585471148088,1
1,2528.777171318595,2.5669840180067593,0
1,2835.8680331129813,8.447670298956726,0
2,4186.349867420556,8.274116890083,0
0,2039.3678692215835,4.382994566311924,0
0,4671.6554515833795,7.5043626192840565,0
2,4090.1614198638554,2.1233873257016347,0
1,2729.710922927893,1.7254136238141218,0
1,3602.592361117696,5.649153656013811,0
0,4856.870425616248,1.7107224597174575,0
0,1493.4632575494218,3.7427598584751998,0
2,2918.280213220653,6.795138281870176,0
0,3835.042921805266,1.9094122990958202,0
1,3493.3874931329005,5.743373175204865,0
2,4432.5053490313185,3.953734782483804,0
2,1049.4946130451206,1.3509641131742043,0
2,838.1200178111394,5.346719848768197,0
2,2384.467362014329,9.985127602536547,0
0,4275.041389006703,7.8793539599956235,0
1,1318.67658722872,2.483333341564934,0
15,38.12414422377765,99.95523077080975,1
1,2582.059035513229,8.447841060101869,0
0,1555.889368349541,6.997468722203858,0
1,1971.649227034574,5.800479658888263,0
0,640.324107775781,3.6885301622989575,0
0,3053.933817177012,2.8629332059458408,0
2,4672.300187657537,7.417414455708868,0
0,891.4404196013456,6.712041459285473,0
0,2342.352434860582,4.314785774561635,0
